<?xml version='1.0' encoding='utf-8'?>
<!DOCTYPE hibernate-mapping PUBLIC
    "-//Hibernate/Hibernate Mapping DTD 3.0//EN"
    "http://www.hibernate.org/dtd/hibernate-mapping-3.0.dtd">
<hibernate-mapping>

    <class name="com.andres.EstadisticasEntity" table="estadisticas" schema="nba">
        <composite-id class="com.andres.EstadisticasEntity">
            <key-property name="temporada">
                <column name="temporada" sql-type="varchar(5)" length="5"/>
            </key-property>
            <key-property name="jugador">
                <column name="jugador" sql-type="int(11)"/>
            </key-property>
        </composite-id>
        <property name="puntosPorPartido">
            <column name="Puntos_por_partido" sql-type="float" precision="-1" not-null="true"/>
        </property>
        <property name="asistenciasPorPartido">
            <column name="Asistencias_por_partido" sql-type="float" precision="-1" not-null="true"/>
        </property>
        <property name="taponesPorPartido">
            <column name="Tapones_por_partido" sql-type="float" precision="-1" not-null="true"/>
        </property>
        <property name="rebotesPorPartido">
            <column name="Rebotes_por_partido" sql-type="float" precision="-1" not-null="true"/>
        </property>
    </class>
</hibernate-mapping>